full_name,stars,releases,created_at,cbo_median,cbo_mean,cbo_std,dit_median,dit_mean,dit_std,lcom_median,lcom_mean,lcom_std,loc_median,loc_mean,loc_std,num_classes
Snailclimb/JavaGuide,154501,0,2018-05-07T13:27:00Z,0.0,2.3333,3.2998,1.0,1.0,0.0,0.0,14.3333,20.2704,10.0,100.0,131.5447,3
krahets/hello-algo,125046,10,2022-11-04,2.0,1.8744,1.5091,1.0,1.0,0.0,1.0,4.707,10.4335,30.0,35.8465,19.9103,215
GrowingGit/GitHub-Chinese-Top-Charts,107396,0,2019-09-05,0.0,0.0,0.0,1.0,1.0,0.0,0.0,0.0,0.0,5.0,5.0,0.0,1
iluwatar/java-design-patterns,93862,0,2014-08-09,3.0,3.3623,2.6059,1.0,1.196,0.5293,0.0,1.8276,6.3509,11.0,19.0804,26.3046,1990
macrozheng/mall,83359,3,2018-04-04,3.0,3.9342,4.9636,1.0,1.2395,0.4389,13.0,1110.8039,8150.188,31.5,132.7671,261.0299,760
doocs/advanced-java,78930,1,2018-10-06,0.0,0.0,0.0,1.0,1.0,0.0,0.0,0.0,0.0,5.0,5.0,0.0,1
MisterBooo/LeetCodeAnimation,76661,0,2018-12-06,1.0,1.0,0.0,1.0,1.0,0.0,0.0,0.0,0.0,18.5,19.5,6.8007,4
TheAlgorithms/Java,65349,0,2016-07-16,2.0,2.0779,1.4747,1.0,1.0384,0.2596,1.0,11.205,37.1112,28.0,41.1446,43.075,1771
kdn251/interviews,64919,0,2017-02-14,1.0,1.1946,1.2511,1.0,1.0039,0.0623,0.0,0.2918,0.9276,20.0,21.8716,10.7234,257
termux/termux-app,53169,95,2015-10-23,4.0,5.9128,7.1759,1.0,1.4299,0.7031,0.0,60.8255,236.0028,31.0,76.5202,153.2297,321
google/guava,51509,57,2014-05-29,2.0,4.2125,5.6906,1.0,1.8581,2.3208,0.0,51.594,463.2047,10.0,41.5729,113.7067,5985
ReactiveX/RxJava,48338,258,2013-01-08,1.0,2.3338,5.1487,1.0,1.3222,0.8871,0.0,47.8836,1822.838,5.0,31.3808,103.8458,11897
skylot/jadx,48025,34,2013-03-18,3.0,4.3681,6.4786,1.0,1.6475,1.2379,0.0,32.2957,317.2503,18.0,44.9098,95.2388,3081
PhilJay/MPAndroidChart,38222,44,2014-04-25,5.0,8.8431,9.9903,1.0,1.9804,1.2286,1.0,91.0327,516.9505,25.0,68.9902,97.8874,306
halo-dev/halo,38223,254,2018-03-21,5.0,7.6679,7.3462,1.0,1.252,0.6314,0.0,7.6554,31.3998,17.0,35.0413,51.6023,1599
TeamNewPipe/NewPipe,37768,141,2015-09-03,5.0,8.6647,10.6078,1.0,1.7183,1.1443,1.0,47.873,249.1538,26.0,77.1567,150.8675,504
ashishps1/awesome-system-design-resources,36123,0,2023-10-25,1.0,0.8182,0.575,1.0,1.0,0.0,0.0,0.0,0.0,26.0,30.5455,12.0481,11
geekxh/hello-algorithm,36061,0,2020-05-29,1.0,1.0,0.8165,1.0,1.0,0.0,0.0,0.0,0.0,26.0,20.3333,11.7284,3
doocs/leetcode,35868,21,2018-09-16,2.0,2.686,1.9781,1.0,1.0058,0.076,0.0,0.3721,0.87,24.0,27.7326,17.6101,172
airbnb/lottie-android,35595,63,2016-10-06,5.0,6.9656,8.334,1.0,1.2887,0.6468,0.0,35.8007,301.9652,24.0,62.4021,122.5276,291
netty/netty,34909,3,2010-11-09,3.0,4.4888,5.8624,1.0,1.5276,1.1967,0.0,69.0566,1152.7192,12.0,49.6893,140.7323,7830
xkcoding/spring-boot-demo,34109,0,2017-11-10,4.0,5.0519,3.9978,1.0,1.1307,0.488,0.0,2.3216,9.8046,7.0,14.861,19.3388,482
SeleniumHQ/selenium,34071,116,2013-01-14,4.0,5.7909,7.0054,1.0,1.3813,1.0461,1.0,33.5026,285.2718,20.0,47.7386,81.9017,2085
zxing/zxing,33910,32,2011-10-12,4.0,4.9933,4.7946,2.0,1.6628,0.7686,0.0,22.8114,130.3261,31.0,67.1436,93.0551,599
alibaba/easyexcel,33757,14,2018-02-06,5.0,6.6321,6.0875,1.0,1.375,0.8337,1.0,32.025,355.3508,15.0,36.6875,65.0786,560
Blankj/AndroidUtilCode,33695,117,2016-07-30,2.0,4.1687,5.5581,1.0,1.3642,0.835,0.0,144.9537,959.788,14.0,59.694,129.6144,670
ityouknow/spring-boot-examples,30622,0,2016-11-05,4.0,4.7264,3.0993,1.0,1.0261,0.1593,0.0,5.0326,16.3228,7.0,14.5309,15.8758,307
chinabugotech/hutool,30297,157,2014-04-13,3.0,3.5394,3.8342,1.0,1.2805,0.7491,0.0,101.0689,952.4675,18.0,49.8071,104.1481,2727
xuxueli/xxl-job,30045,43,2015-11-28,3.0,4.9884,5.5865,1.0,1.157,0.4089,0.0,24.4535,101.6776,25.5,50.9477,100.3502,172
alibaba/canal,29649,32,2013-01-13,4.0,5.8008,6.4379,1.0,1.3786,0.8207,1.0,77.0342,466.1074,30.0,106.9696,367.6287,1054
wuyouzhuguli/SpringAll,29004,0,2018-05-02,4.0,5.2434,4.2717,1.0,1.1111,0.3685,0.0,3.7487,11.8423,11.0,15.9656,14.297,378
DrKLO/Telegram,28906,95,2013-10-25,4.0,6.9562,14.1102,1.0,1.6767,18.0537,0.0,70.4877,1381.0594,18.0,119.7361,880.7374,14241
alibaba/druid,28208,52,2011-11-03,4.0,5.2361,12.9189,2.0,1.6552,0.9246,0.0,229.3545,5182.4204,21.0,58.615,266.9093,5969
lenve/vhr,28108,0,2018-01-04,2.0,4.4362,5.8119,1.0,1.0213,0.1443,6.0,48.3298,224.5907,20.0,31.6064,42.0049,94
crossoverJie/JCSprout,26977,0,2017-12-17,1.0,1.963,1.8522,1.0,1.0926,0.3652,0.0,1.7654,6.3387,15.0,27.1543,33.2257,162
kestra-io/kestra,26684,422,2019-08-24,6.0,8.0566,8.6,1.0,1.4226,0.7981,0.0,15.414,105.1529,15.0,36.6976,69.2276,2331
alibaba/fastjson,25688,84,2011-11-03,1.0,1.8524,2.7786,1.0,1.5043,0.7131,0.0,126.1212,3281.707,13.0,32.6373,156.1019,6327
hollischuang/toBeTopJavaer,25449,0,2018-10-25,0.0,0.0,0.0,0.0,0.0,0.0,0.0,0.0,0.0,0.0,0.0,0.0,0
JakeWharton/butterknife,25403,0,2013-03-05,2.0,3.9596,6.4021,1.0,1.2353,0.7095,0.0,10.4816,75.667,8.0,28.3529,91.8199,272
jenkinsci/jenkins,25183,486,2010-11-22,4.0,6.3464,8.5282,2.0,1.9063,1.7635,0.0,46.6229,908.8705,16.0,45.7006,114.7661,4131
scwang90/SmartRefreshLayout,25173,14,2017-06-02,3.0,6.651,7.5802,1.0,1.5073,0.848,0.0,30.3196,294.6145,12.0,53.2141,154.7695,341
proxyee-down-org/proxyee-down,24766,49,2017-10-25,4.0,5.5167,6.1711,1.0,1.4667,0.9214,2.0,19.5167,49.3124,36.5,56.5333,62.2151,60
greenrobot/EventBus,24740,7,2012-07-16,3.0,3.4262,3.0575,1.0,1.8361,1.4202,0.0,9.0546,34.9863,8.0,28.7923,52.8895,183
google/gson,24242,12,2015-03-19,2.0,3.0249,4.4492,1.0,1.2848,1.0237,0.0,20.7253,381.6623,8.0,32.0995,91.7747,1085
dataease/dataease,23756,105,2021-02-02,3.0,4.9708,7.5439,1.0,1.2049,0.6754,0.0,28.4488,184.8593,9.0,39.6846,124.8501,1132
LSPosed/LSPosed,23402,39,2020-12-12,3.0,5.5222,7.2387,1.0,1.6464,1.2855,0.0,48.1148,319.4745,12.0,53.7518,127.6291,427
ashishps1/awesome-low-level-design,23233,0,2023-11-17,2.0,2.6343,2.5504,1.0,1.1387,0.4331,0.0,3.0542,11.137,13.0,18.4376,18.5216,793
doocs/source-code-hunter,23134,0,2019-10-28,0.0,0.0,0.0,1.0,1.0,0.0,0.0,0.0,0.0,5.0,5.0,0.0,1
kunal-kushwaha/DSA-Bootcamp-Java,22471,0,2021-07-30,1.0,1.2688,1.2379,1.0,1.083,0.3401,1.0,3.502,10.9889,16.0,26.1423,31.8804,253
apache/rocketmq,22403,25,2016-11-30,4.0,7.0898,10.8487,1.0,1.3338,0.7482,1.0,136.524,2871.4026,29.0,78.296,165.6954,3017
elunez/eladmin,21940,1,2018-12-14,5.0,8.0142,7.6696,1.0,1.1631,0.4476,0.0,6.2589,19.5289,11.0,28.617,49.5587,282
google/ExoPlayer,21922,28,2014-06-13,5.0,7.5879,8.9463,1.0,1.295,1.0156,0.0,52.2201,493.0635,25.0,79.9598,207.3392,3281
CarGuo/GSYVideoPlayer,21428,65,2016-11-13,2.0,5.3264,6.7738,1.0,1.543,1.4795,0.0,52.3457,301.1958,12.0,48.4674,91.2888,674
brettwooldridge/HikariCP,21086,0,2013-10-08,3.0,4.3838,4.1848,1.0,1.2865,0.6568,0.0,172.6703,1404.849,24.0,61.9676,101.6351,185
didi/DoKit,20426,14,2018-08-14,2.0,4.5035,5.7297,1.0,1.3206,0.8372,0.0,71.7667,634.1968,14.0,51.2938,105.7822,1569
mybatis/mybatis-3,20414,46,2013-02-14,2.0,3.5695,4.9917,1.0,1.238,0.7793,0.0,21.2711,249.0073,16.0,34.7762,71.6634,1756
linlinjava/litemall,20221,8,2018-03-22,3.0,4.6175,5.8451,1.0,1.1264,0.3323,1.0,1532.8849,9394.9777,37.0,147.2998,319.7994,617
ReactiveX/RxAndroid,20052,20,2014-08-19,1.0,2.2727,3.7536,1.0,1.1273,0.4287,0.0,3.0909,11.1311,6.0,26.4,79.83,55
dianping/cat,18967,3,2012-12-05,4.0,5.3784,5.8871,1.0,1.4345,0.7082,1.0,23.0359,104.1783,26.0,51.7976,69.9515,1892
lionsoul2014/ip2region,18912,22,2015-11-02,4.0,4.1042,2.9029,1.0,1.2083,0.5758,0.0,11.375,34.1313,26.5,53.5625,59.8762,48
Baseflow/PhotoView,18849,5,2012-07-17,3.0,4.7333,5.4829,1.0,1.3556,0.5639,0.0,24.6,155.5014,14.0,39.8222,92.5016,45
antlr/antlr4,18812,31,2010-02-04,3.0,5.7734,7.2205,1.0,1.8353,1.1654,0.0,48.3021,192.7177,20.0,61.9668,114.7272,662
williamfiset/Algorithms,18563,0,2017-03-18,3.0,2.7222,1.769,1.0,1.0556,0.2291,3.0,23.8533,72.5448,50.0,72.7844,72.7346,450
Tencent/APIJSON,18401,112,2016-11-21,3.0,5.9143,8.6102,1.0,1.2429,0.6641,5.5,1169.3286,5383.5843,19.0,198.9571,613.1661,70
LMAX-Exchange/disruptor,18284,14,2012-09-21,3.0,4.4805,4.8162,1.0,1.2902,0.8092,0.0,25.8829,224.4253,13.0,32.1146,66.7517,410
forezp/SpringCloudLearning,17962,0,2017-04-08,4.0,4.5524,2.3584,1.0,1.049,0.2158,0.0,0.5455,1.8538,5.0,7.8531,8.6598,143
Tencent/tinker,17679,60,2016-09-06,3.0,4.7923,7.1071,1.0,1.6038,2.5032,0.0,28.4712,110.8851,28.0,77.7827,137.4815,520
ben-manes/caffeine,17588,72,2014-12-13,3.0,5.0653,6.8232,1.0,1.5526,1.394,0.0,166.4339,1805.0509,15.5,64.7344,200.9137,1408
infinilabs/analysis-ik,17436,1,2011-12-16,4.0,4.9268,4.0024,1.0,1.3415,0.4742,4.0,20.6585,40.4955,32.0,72.6829,84.7039,41
justauth/JustAuth,17426,46,2019-01-31,2.0,5.5101,6.0166,1.0,1.3434,0.5802,6.0,12.9848,19.4826,17.0,30.5758,64.8122,198
openzipkin/zipkin,17423,99,2012-06-06,5.0,6.4488,5.3694,1.0,1.5549,1.5328,1.0,19.3695,73.7353,23.0,47.5268,65.5427,820
gyoogle/tech-interview-for-developer,17261,0,2019-06-09,1.0,1.3077,0.7216,1.0,1.0,0.0,0.0,0.9231,2.9211,42.0,48.9231,43.78,13
alibaba/DataX,17170,7,2018-01-18,3.0,4.4959,5.7475,1.0,1.7152,1.5129,0.0,22.6489,185.2401,25.0,66.4435,104.0792,1222
facebook/fresco,17153,55,2015-03-02,5.0,6.6376,6.5718,1.0,1.4164,0.8931,0.0,27.1772,119.6604,17.0,46.4685,69.7448,999
nostra13/Android-Universal-Image-Loader,16930,0,2011-11-27,3.0,4.8643,4.8598,1.0,1.5857,0.9561,0.5,28.8429,99.4619,28.5,53.1,90.9687,140
heibaiying/BigData-Notes,16888,0,2019-03-10,5.0,5.7143,3.4897,1.0,1.2208,0.4148,0.0,0.8182,1.8497,21.0,27.5844,29.2408,77
winterbe/java8-tutorial,16758,0,2014-03-16,1.0,1.0341,1.0385,1.0,1.0,0.0,0.0,3.9091,9.2744,19.0,23.6477,19.8992,88
shuzheng/zheng,16694,0,2016-10-04,3.0,4.499,5.7113,1.0,1.4086,0.4916,0.0,340.8566,1784.5873,16.0,82.0079,154.6306,509
JeffLi1993/springboot-learning-example,16591,0,2017-02-06,3.5,4.614,3.8514,1.0,1.0439,0.2439,0.0,2.8509,6.0062,9.5,14.3947,12.596,114
ashishps1/awesome-leetcode-resources,16226,0,2023-10-25,1.0,1.1818,0.3857,1.0,1.0,0.0,0.0,4.7273,7.8751,13.0,32.7273,29.827,11
android-hacker/VirtualXposed,15979,50,2017-12-01,2.0,3.947,5.3242,2.0,2.7928,11.8546,0.0,14.6958,128.5933,8.0,32.8534,89.0571,1453
dyc87112/SpringBoot-Learning,15784,0,2016-08-21,4.0,4.4535,2.9787,1.0,1.026,0.1811,0.0,1.4535,7.1808,7.0,10.3717,8.2333,269
android10/Android-CleanArchitecture,15548,0,2014-08-19,4.0,5.1429,4.6485,1.0,1.4286,0.7018,1.0,6.7238,23.107,13.0,21.5238,26.9603,105
Konloch/bytecode-viewer,15473,62,2014-10-14,3.0,4.7246,6.2906,1.0,2.0531,1.8368,0.0,13.6884,58.9898,19.0,52.5797,91.581,414
mockito/mockito,15430,226,2012-10-13,2.0,3.4512,4.5456,1.0,1.397,1.0768,0.0,18.9851,277.8421,8.0,24.9963,48.9803,2141
java-decompiler/jd-gui,15058,18,2015-03-25,3.0,4.5381,5.4238,1.0,2.4177,2.336,1.0,11.1155,51.0105,17.0,47.4423,79.8659,407
supertokens/supertokens-core,15003,119,2020-01-05,9.0,9.6035,10.2253,1.0,1.4504,0.8349,3.0,73.7134,1245.3548,47.0,111.0088,177.0428,1019
zaproxy/zaproxy,14977,26,2015-06-03,3.0,4.7476,6.0419,1.0,1.9057,1.8112,1.0,70.9199,358.5498,24.0,71.8646,138.3659,2385
cryptomator/cryptomator,14914,205,2014-02-02,6.0,8.4101,8.1309,1.0,1.4207,0.9615,1.0,19.6237,68.9679,22.0,40.4144,47.8655,473
theonedev/onedev,14855,469,2018-11-06,4.0,5.8452,8.9508,1.0,1.4038,0.826,0.0,26.8477,521.7765,14.0,40.2428,177.6279,8426
elastic/logstash,14828,241,2010-11-18,4.0,5.4148,5.8988,1.0,1.6217,2.118,1.0,21.5734,105.9868,23.0,47.0654,74.7972,933
eclipse-vertx/vert.x,14659,0,2011-06-17,4.0,6.677,9.3097,1.0,1.641,1.2854,1.0,157.2081,1612.4517,22.0,83.0626,273.4818,2028
opendataloader-project/opendataloader-pdf,14639,54,2025-05-13,5.0,7.4516,6.9979,1.0,1.1871,0.4062,1.0,52.0839,221.2192,56.0,102.0129,119.2724,155
arduino/Arduino,14562,37,2010-09-17,2.0,3.8533,5.7361,1.0,1.6444,1.56,0.0,32.7222,208.0295,18.0,57.3178,136.4138,450
hdodenhof/CircleImageView,14527,0,2014-01-17,5.0,11.0,10.6771,2.0,2.3333,0.4714,0.0,178.6667,252.6728,12.0,120.0,156.9968,3
Tencent/QMUI_Android,14503,35,2017-04-21,3.0,5.4681,6.5608,1.0,1.6295,1.3395,0.0,35.3424,197.806,11.0,54.6989,137.9822,1066
alibaba/ARouter,14491,16,2016-12-14,2.0,3.6939,4.8852,1.0,1.4082,0.7803,0.0,17.449,82.9064,10.0,32.2959,57.6913,98
DuGuQiuBai/Java,14235,0,2015-11-25,0.0,0.7722,1.3116,1.0,1.1777,0.7351,0.0,1.0792,5.1903,12.0,17.5121,22.6195,619
Netflix/zuul,13998,66,2013-03-13,4.0,6.5635,7.7762,1.0,1.6096,1.0131,1.0,24.9981,138.499,20.0,43.0923,67.9691,520
janishar/mit-deep-learning-book-pdf,13993,3,2017-04-07,0.0,0.0,0.0,1.0,1.0,0.0,0.0,0.0,0.0,2.0,2.0,0.0,1
xpipe-io/xpipe,13971,153,2023-01-27,5.0,7.1671,6.9338,1.0,1.5481,1.0618,1.0,19.902,177.2465,21.0,44.0343,69.666,1664
sqshq/piggymetrics,13891,2,2015-03-29,5.0,6.0404,4.3203,1.0,1.0606,0.2386,0.0,3.8283,10.0283,11.0,19.0,19.9525,99
orhanobut/logger,13874,16,2015-03-20,6.0,5.8333,2.9674,1.0,1.1667,0.3727,0.0,14.9444,34.584,36.0,45.9444,43.0574,18
seaswalker/spring-analysis,13761,0,2016-09-09,2.0,2.4242,2.6057,1.0,1.2424,0.7398,0.0,1.7879,3.1407,8.0,11.4545,7.7815,33
JessYanCoding/AndroidAutoSize,13745,14,2018-08-17,4.0,5.4082,4.1939,1.0,1.4082,0.4915,1.0,31.2857,134.9022,15.0,35.102,55.6678,49
lgvalle/Material-Animations,13662,0,2015-03-08,2.0,4.4,4.0133,1.0,1.4667,0.7483,0.0,4.7556,15.9278,8.0,22.4444,34.8862,45
LuckSiege/PictureSelector,13595,116,2017-01-04,2.0,5.156,8.6521,1.0,1.2374,0.6686,0.0,49.4491,371.9332,12.0,53.057,136.1112,737
tink-crypto/tink,13546,21,2014-06-06,5.0,7.6662,7.4278,1.0,1.2887,1.2412,1.0,30.0758,183.9836,30.0,56.0826,78.7592,1465
Bigkoo/Android-PickerView,13463,0,2014-12-28,2.0,3.7253,5.0297,1.0,1.1538,0.3608,0.0,15.4945,90.0646,7.0,48.5824,111.9375,91
macrozheng/mall-learning,13374,0,2019-04-12,3.0,4.9719,4.5154,1.0,1.1044,0.3058,0.0,229.51,1247.905,16.0,57.7671,127.1141,249
pxb1988/dex2jar,13105,8,2015-03-16,3.0,5.4256,6.8304,1.0,1.5709,0.9813,0.0,21.1331,136.3943,22.0,73.056,158.1753,571
metersphere/metersphere,13087,184,2020-02-03,3.0,6.674,11.3763,1.0,1.2979,0.5457,0.0,446.2396,3758.6558,15.0,86.9676,205.3115,3702
youth5201314/banner,13039,0,2016-04-22,5.0,6.0822,6.1148,2.0,1.8356,0.6827,1.0,47.6849,348.4871,20.0,37.3151,78.775,73
macrozheng/mall-swarm,12908,3,2019-11-25,3.0,3.788,4.7268,1.0,1.2317,0.4341,13.0,1106.2291,8129.0852,32.0,132.9882,260.6324,764
plantuml/plantuml,12887,67,2010-11-04,5.0,7.1779,7.4622,1.0,1.5202,0.8691,1.0,36.2964,607.3009,22.0,48.2262,94.135,4160
Netflix/conductor,12781,319,2016-12-07,5.0,7.4985,8.244,1.0,1.2545,0.5624,0.0,78.6747,646.1861,28.0,70.8614,143.3472,664
apache/zookeeper,12750,0,2009-03-27,3.0,5.6883,7.0764,1.0,1.9926,3.0116,0.0,37.0854,388.7357,27.0,70.3009,131.9652,1768
google/guice,12733,19,2014-05-28,2.0,3.8006,5.4106,1.0,1.3047,1.2503,0.0,8.4622,77.8551,6.0,21.8201,73.2111,3886
Netflix/eureka,12697,152,2012-07-26,4.0,5.8594,6.4325,1.0,1.2691,0.7028,0.0,18.6131,134.0955,18.0,44.9518,83.431,747
facebook/stetho,12690,13,2015-01-22,3.0,4.3793,5.3678,1.0,1.4235,1.2478,0.0,7.4966,31.2215,10.0,32.7228,54.7737,588
greenrobot/greenDAO,12615,8,2011-10-22,4.0,5.0137,4.6872,1.0,2.1016,1.7139,1.0,47.4533,240.9518,25.0,50.9478,73.8607,364
zhihu/Matisse,12548,15,2017-04-13,5.0,6.6579,7.3351,1.0,1.3947,0.6299,0.0,8.0789,16.0318,20.0,44.9737,58.5855,76
daimajia/AndroidViewAnimations,12464,9,2014-06-23,2.0,3.378,6.9872,2.0,1.8049,0.3963,0.0,2.2927,12.8105,5.0,11.7683,25.0756,82
daimajia/AndroidSwipeLayout,12380,18,2014-08-25,2.0,3.7162,4.9114,1.0,1.3243,0.5952,0.0,58.9054,477.0282,6.0,37.4324,145.2293,74
pagehelper-org/Mybatis-PageHelper,12373,15,2014-06-09,6.0,5.8207,4.8807,1.0,1.4565,0.8586,0.0,29.3913,189.3062,23.0,40.6196,55.3706,184
amitshekhariitbhu/android-interview-questions,12305,0,2017-07-09,0.0,0.0,0.0,1.0,1.0,0.0,0.0,0.0,0.0,5.0,5.0,0.0,1
redis/jedis,12301,121,2010-06-11,3.0,5.7106,8.6579,1.0,1.4213,0.9659,1.0,460.8101,13679.6612,26.0,87.4012,241.0776,1448
beemdevelopment/Aegis,12260,73,2016-08-15,5.0,7.4323,9.5161,1.0,1.7096,1.0263,1.0,22.8712,143.3124,21.5,52.8603,101.686,458
Team-xManager/xManager,12191,51,2021-02-08,2.0,2.0172,2.6017,1.0,1.021,0.2423,0.0,4.7328,69.8323,7.0,41.645,523.4368,524
PaperMC/Paper,12148,0,2016-01-22,5.0,6.9579,12.1889,1.0,1.6819,1.3036,1.0,102.0989,1610.8254,15.0,38.3033,103.0077,4247
Yalantis/uCrop,12097,20,2016-01-05,3.0,6.3377,8.6017,1.0,1.3636,0.836,1.0,28.9091,81.0139,13.0,61.1299,101.7147,77
provectus/kafka-ui,12012,25,2019-11-26,5.0,7.2437,7.3049,1.0,1.5107,1.0726,1.0,17.1345,86.0476,20.0,35.3587,42.2196,513
grpc/grpc-java,11997,189,2014-12-08,3.0,5.6522,8.0241,1.0,1.4182,1.0724,0.0,14.2085,129.5645,12.0,47.1235,124.3767,5612
Tencent/VasSonic,11874,10,2017-08-01,2.0,4.1982,4.8784,1.0,1.2793,0.5877,0.0,21.6126,95.6089,19.0,66.8559,119.1026,111
OpenRefine/OpenRefine,11799,76,2012-10-15,5.0,6.6953,6.5907,1.0,1.6861,0.8971,1.0,13.1491,59.2011,26.0,52.4815,97.8194,1408
code4craft/webmagic,11691,33,2013-04-23,4.0,4.532,3.8661,1.0,1.1831,0.5843,1.0,11.4651,76.5289,15.0,25.564,37.9546,344
jd-opensource/joyagent-jdgenie,11621,1,2025-07-16,4.0,4.9802,5.6375,1.0,1.119,0.4473,0.0,4.7341,17.4764,12.0,36.4365,74.2112,252
newbee-ltd/newbee-mall,11553,0,2019-09-21,2.0,5.0337,6.2106,1.0,1.0674,0.4446,4.0,34.9101,67.7914,29.0,44.2135,42.0328,89
realm/realm-java,11484,0,2012-04-20,2.0,4.2934,6.7532,1.0,1.2129,0.7241,0.0,51.7484,656.4891,9.0,57.6187,261.0475,1912
careercup/CtCI-6th-Edition,11469,0,2015-07-02,2.0,2.1281,1.5652,1.0,1.069,0.3319,1.0,4.4828,16.6844,28.0,34.6355,26.829,609
gyf-dev/ImmersionBar,11464,0,2017-04-19,5.0,6.3521,7.0882,2.0,2.1056,0.9979,3.0,159.2535,1746.3382,19.0,50.9648,150.7371,142
jhy/jsoup,11358,21,2009-12-19,4.0,6.1207,7.1795,1.0,1.7654,3.0645,1.0,229.3554,1825.8519,27.0,90.0387,221.8899,439
mission-peace/interview,11328,0,2014-07-20,2.0,2.0135,1.2213,1.0,1.0375,0.3099,1.0,3.4093,13.5476,35.0,40.8681,33.3525,667
ssssssss-team/spider-flow,11322,2,2020-03-27,4.0,5.3851,5.1536,1.0,1.7329,3.3912,1.0,20.3292,49.6303,29.0,54.3354,104.8024,161
apple/pkl,11203,21,2024-01-19,5.0,6.3981,8.1609,3.0,4.3198,15.3105,0.0,29.8563,223.7138,13.0,40.0854,103.8422,1698
permissions-dispatcher/PermissionsDispatcher,11192,40,2015-08-15,0.0,1.6218,3.2694,1.0,1.2269,0.5256,3.0,34.3782,325.8157,11.0,26.7563,96.7174,119
lingochamp/FileDownloader,11125,65,2015-12-22,2.0,4.5279,5.4394,1.0,1.6877,2.4989,1.0,42.0149,232.0155,18.0,53.4833,88.1974,269
H07000223/FlycoTabLayout,11113,4,2015-11-09,3.0,6.4545,8.732,1.0,1.5455,0.7003,1.0,223.0909,709.4496,16.0,82.7273,182.1497,33
jwtk/jjwt,11052,9,2014-09-13,4.0,5.6234,6.8247,1.0,1.9946,2.3797,1.0,25.8342,142.0173,9.0,28.9225,61.0278,555
jfeinstein10/SlidingMenu,11022,0,2012-06-30,3.0,4.7703,5.1976,1.0,1.8243,1.1896,0.0,47.4459,227.4389,13.0,41.6892,99.8053,74
asLody/VirtualApp,10958,0,2016-07-06,2.0,3.9387,5.2651,2.0,2.588,11.2671,0.0,15.6113,114.7691,8.0,32.8338,86.9943,1420
square/javapoet,10857,0,2013-02-01,2.0,4.5152,5.8902,1.0,1.1515,0.6091,0.0,129.2929,745.4504,17.0,76.1919,126.0018,99
clojure/clojure,10835,0,2010-06-29,0.0,3.5998,7.87,1.0,1.4951,2.3414,0.0,130.2072,1973.6677,3.0,51.0949,255.776,917
TooTallNate/Java-WebSocket,10795,19,2010-01-20,2.0,3.5916,4.1523,1.0,1.8168,1.3468,6.0,37.0573,183.8774,19.0,50.2519,96.2784,262
alibaba/vlayout,10758,34,2017-02-27,3.0,5.3145,6.6938,1.0,1.8553,1.4872,0.0,72.5409,367.2677,13.0,88.3145,198.3631,159
zfile-dev/zfile,10729,67,2019-08-19,4.0,7.0943,8.1279,1.0,1.4828,1.0898,0.0,9.7977,47.3829,12.0,30.4414,51.777,435
JingMatrix/Vector,10638,5,2023-07-20,3.0,5.0635,6.974,1.0,1.7175,1.3777,0.0,51.7556,354.7297,10.0,48.981,128.7636,315
android-async-http/android-async-http,10609,3,2011-02-20,4.0,5.6623,6.1308,1.0,1.7857,1.0749,3.0,45.8766,292.7495,25.0,49.4805,75.8837,154
jeasonlzy/okhttp-OkGo,10588,14,2016-01-15,5.0,5.5956,5.0617,1.0,1.6233,1.0745,0.0,19.446,124.3264,14.0,37.169,60.8587,361
google/auto,10554,67,2013-05-22,3.0,4.1245,8.6206,1.0,1.7137,3.2474,1.0,25.9426,270.5306,8.0,28.2489,96.8627,1149
lipangit/JiaoZiVideoPlayer,10500,78,2016-02-06,6.0,7.2754,6.3995,2.0,2.1159,0.9711,4.0,56.6377,211.6332,30.0,65.3768,128.4933,69
signalapp/Signal-Server,10485,0,2013-12-09,5.0,9.3159,13.7191,1.0,1.4762,0.9557,0.0,15.8082,104.7833,20.0,48.5665,87.1068,1241
tbruyelle/RxPermissions,10437,11,2015-09-29,2.0,4.65,5.5252,1.0,1.1,0.3,0.0,10.1,32.6755,11.5,43.8,85.7599,20
JessYanCoding/MVPArms,10257,25,2016-08-06,5.0,6.6443,5.9179,1.0,1.2819,0.5685,3.0,32.1007,146.5307,19.0,40.1745,57.0071,149
ZCShou/GoGoGo,10236,8,2021-12-03,3.0,7.25,12.4088,1.0,1.4583,0.7059,1.0,12.875,45.6155,18.5,79.4375,167.9565,48
JakeWharton/ViewPagerIndicator,10081,0,2011-08-04,5.5,5.4394,4.6519,3.0,2.2424,0.8539,0.0,29.2727,126.3713,13.0,44.6515,99.783,66
stanfordnlp/CoreNLP,10063,19,2013-06-27,3.0,5.7045,7.6393,1.0,1.4592,1.4903,0.0,148.5786,1831.3417,26.0,129.5236,1010.1548,4305
happydog-intj/JsBridge,9927,0,2015-02-26,1.5,3.5,4.9244,1.0,1.1562,0.3631,0.0,17.0938,50.9254,5.0,36.25,58.7739,32
wasabeef/glide-transformations,9904,0,2015-01-09,5.0,5.5556,3.2923,2.0,2.1481,0.7554,0.0,2.7778,4.45,27.0,36.7037,38.9014,27
googlesamples/easypermissions,9892,12,2015-12-22,8.0,8.9394,5.7152,1.0,1.4848,0.6091,6.0,12.2121,21.4416,28.0,51.6667,62.378,33
hackware1993/MagicIndicator,9809,12,2016-06-26,4.0,5.0,4.5132,1.0,1.3398,0.5669,3.0,26.9417,79.075,21.0,44.0097,64.267,103
OpenFeign/feign,9783,49,2013-06-26,3.0,5.0873,6.2197,1.0,1.6719,3.1574,0.0,14.2882,90.0061,9.0,30.219,63.7283,1329
HarlonWang/AVLoadingIndicatorView,9771,1,2015-10-24,2.0,3.5652,2.3512,1.0,1.7826,1.0408,0.0,6.75,42.6111,6.0,23.4891,35.9509,92
lihengming/spring-boot-api-project-seed,9714,4,2017-06-23,4.0,5.0,4.5166,1.0,1.2667,0.7717,0.0,9.7333,18.0387,12.0,32.2667,43.7698,15
YoKeyword/Fragmentation,9703,30,2016-02-23,3.0,5.2324,5.1556,1.0,1.7077,1.0954,0.0,15.1162,102.0892,11.0,31.6232,57.6539,284
apache/cassandra,9691,0,2009-05-21,5.0,6.8943,8.0701,1.0,1.773,1.8654,1.0,60.6294,1455.9707,23.0,59.563,118.4698,13117
perwendel/spark,9662,0,2011-05-05,3.0,4.543,4.7235,1.0,1.2986,0.7795,0.0,47.1176,407.5469,20.0,43.3846,60.6737,221
koral--/android-gif-drawable,9650,63,2013-01-30,4.0,6.125,6.3134,1.0,1.6562,1.2774,0.0,59.7344,284.4116,21.0,46.0781,74.5451,64
react-native-camera/react-native-camera,9642,144,2015-04-01,0.0,0.0,0.0,0.0,0.0,0.0,0.0,0.0,0.0,0.0,0.0,0.0,0
iflytek/astron-agent,9640,13,2025-09-19,4.0,6.1774,8.9664,1.0,1.0641,0.2813,0.0,24.5593,293.9297,12.0,50.1849,152.8895,1466
bilibili/DanmakuFlameMaster,9611,5,2013-08-11,3.0,5.1628,6.1025,1.0,1.6105,1.3702,1.0,47.5058,158.4749,20.0,74.8779,140.9701,172
seven332/EhViewer,9570,97,2014-05-14,4.0,7.1448,10.1919,1.0,1.822,1.5087,1.0,45.2629,450.0789,25.0,73.8303,155.8233,601
MyCATApache/Mycat-Server,9543,7,2014-12-04,3.0,4.8954,6.2124,1.0,1.2943,0.7205,0.0,78.488,882.5902,33.0,71.993,120.5004,1291
liaohuqiu/android-Ultra-Pull-To-Refresh,9527,8,2014-11-13,2.0,4.0186,4.3029,1.0,1.4037,0.717,0.0,19.1429,138.5242,10.0,34.0124,78.7857,161
crossoverJie/cim,9488,9,2018-05-20,4.0,4.8341,4.8128,1.0,1.278,0.7363,0.0,8.0146,31.2172,13.0,28.9854,41.0184,205
umano/AndroidSlidingUpPanel,9474,8,2013-05-31,2.0,4.9412,6.4395,1.0,1.3529,0.7624,0.0,132.0,362.7757,8.0,118.2941,262.3085,17
Justson/AgentWeb,9411,21,2017-05-12,3.0,5.3984,7.3339,1.0,1.4883,0.996,0.0,18.793,98.9687,12.0,44.2188,92.9433,256
json-path/JsonPath,9402,12,2011-01-24,3.0,4.5938,4.9599,1.0,1.4766,1.0726,0.0,29.3906,121.0608,15.0,44.6667,85.8799,384
huanghaibin-dev/CalendarView,9373,1,2017-03-11,4.0,6.5682,7.1044,1.0,2.1591,1.4877,3.0,53.1818,389.0181,28.5,65.6648,116.6775,176
pockethub/PocketHub,9373,1,2011-09-08,5.0,6.5755,5.3287,1.0,1.4811,0.7615,0.0,9.0425,35.1685,21.0,32.9245,40.5057,212
GcsSloop/AndroidNote,9337,0,2016-01-04,1.0,4.875,5.5999,1.0,1.375,0.4841,3.0,8.125,11.921,28.5,50.25,52.0378,8
apache/jmeter,9309,10,2010-05-26,4.0,5.5322,6.0272,2.0,1.9988,1.5036,3.0,62.1871,381.6901,34.0,74.255,115.5808,1710
cats-oss/android-gpuimage,9160,0,2012-10-04,2.0,2.9608,3.7362,2.0,2.1569,1.1888,0.0,11.3007,53.9987,16.0,41.4444,102.5321,153
HMCL-dev/HMCL,9067,323,2015-06-22,4.0,6.8646,8.3077,1.0,1.7204,1.5334,1.0,35.4383,337.4609,26.0,61.2273,96.153,1588
didi/VirtualAPK,9063,4,2017-06-29,3.0,4.8957,6.1491,1.0,1.6135,1.4243,1.0,17.5767,66.0762,17.0,48.9632,100.452,163
LSPosed/LSPatch,8966,9,2021-03-01,2.0,4.3425,5.8759,1.0,1.3493,0.8568,0.0,23.8767,186.2401,18.5,48.0,113.1888,146
KunMinX/Jetpack-MVVM-Best-Practice,8949,0,2019-10-31,3.0,4.8403,5.0576,1.0,1.6218,1.069,0.0,12.0,68.6774,12.0,31.0168,51.2657,119
navasmdc/MaterialDesignLibrary,8940,3,2014-09-30,3.0,4.5366,4.4672,1.0,1.8171,1.221,0.0,6.7561,18.7893,13.5,35.6951,50.2782,82
Freelander/Android_Data,8917,0,2015-04-04,2.0,2.0,2.0,1.0,1.0,0.0,3.0,3.0,3.0,58.0,58.0,17.0,2
java-native-access/jna,8910,0,2011-04-29,3.0,4.5164,6.0925,2.0,2.3633,4.3157,0.0,44.5864,513.3018,11.0,45.0306,161.7344,2384
PojavLauncherTeam/PojavLauncher,8839,126,2020-03-11,3.5,6.1542,8.0336,1.0,1.4104,0.6898,1.0,124.7313,1597.1325,23.5,67.5348,252.2336,402
frohoff/ysoserial,8836,1,2015-01-28,3.0,5.4583,5.6316,1.0,1.3417,0.6645,1.0,8.8917,57.2186,19.0,32.0917,39.3631,120
karatelabs/karate,8834,59,2017-02-07,4.0,5.6384,6.1009,1.0,1.2007,0.598,3.0,149.7509,490.1454,52.0,114.026,186.5608,578
cabaletta/baritone,8791,85,2018-08-01,4.0,6.6998,8.274,1.0,1.3869,0.8072,1.0,22.167,128.0568,19.0,47.2051,90.0976,473
nathanmarz/storm,8787,0,2011-09-17,3.0,4.4254,5.1454,1.0,1.2879,0.9252,1.0,33.0705,133.063,18.0,71.1539,366.1582,851
laobie/StatusBarUtil,8770,0,2016-02-15,3.0,4.1515,3.4739,1.0,1.5455,0.8199,0.0,22.5455,122.5922,11.0,31.3939,69.2514,33
Blankj/awesome-java-leetcode,8717,0,2017-04-17,2.0,1.6806,0.5484,1.0,1.0,0.0,1.0,1.1667,0.6872,24.0,24.6111,10.8032,72
apache/iceberg,8712,32,2018-11-19,6.0,8.6253,8.4569,1.0,1.6909,1.6857,1.0,37.134,178.1815,31.0,69.3028,109.0451,4865
chrisbanes/Android-PullToRefresh,8663,0,2011-11-29,4.5,6.0244,5.8057,2.0,2.1341,1.3413,1.0,55.8415,368.5953,17.5,43.5,111.0764,82
ybq/Android-SpinKit,8651,0,2016-03-20,5.0,4.8169,3.5098,2.0,3.169,2.4494,1.0,21.5211,133.6192,11.0,25.5211,41.5878,71
amitshekhariitbhu/Android-Debug-Database,8649,14,2016-11-16,4.0,4.1475,3.7715,1.0,1.2787,0.5163,0.0,8.8033,22.6106,11.0,39.2295,63.8444,61
shwenzhang/AndResGuard,8634,4,2015-10-11,2.0,3.4242,4.3102,1.0,1.5,0.8572,1.5,22.3788,43.9999,41.5,98.5758,157.9162,66
react-native-image-picker/react-native-image-picker,8630,142,2015-06-08,4.0,6.1818,6.1322,2.0,1.5455,0.4979,1.0,66.1818,201.4095,21.0,74.3636,126.2237,11
testcontainers/testcontainers-java,8623,91,2015-04-12,4.0,5.3236,4.783,1.0,1.4848,0.8354,1.0,21.7608,163.3431,20.0,35.2673,49.0638,924
dropwizard/dropwizard,8589,192,2011-01-19,4.0,5.956,5.8982,1.0,1.5155,1.0039,0.0,18.8231,214.5571,13.0,28.8614,48.4302,1385
aeron-io/aeron,8575,139,2014-02-07,4.0,8.0163,10.2247,1.0,1.3027,0.9214,0.0,119.1083,1333.3231,33.5,94.4963,197.6256,1348
airbnb/epoxy,8563,78,2016-08-08,4.0,6.8644,6.1213,2.0,1.8235,1.0988,1.0,138.3203,319.4925,11.0,70.7533,103.0751,612
google/tsunami-security-scanner,8561,1,2020-06-03,5.0,6.2282,6.1005,1.0,1.5268,0.9382,1.0,15.1208,53.4501,13.0,30.4966,44.4059,298
chrisjenx/Calligraphy,8540,4,2013-12-20,5.0,5.72,4.96,1.0,1.44,0.5713,3.0,11.36,26.3998,16.0,38.72,50.0915,25
junit-team/junit4,8538,13,2009-01-13,3.0,3.8681,4.1865,1.0,1.4643,1.05,0.0,12.9613,130.4949,8.0,22.397,45.7996,1471
wildfirechat/im-server,8476,115,2019-01-23,3.0,6.4527,8.3343,1.0,1.5463,2.4953,1.0,112.3041,470.2728,22.0,155.7838,1513.7472,1036
DImuthuUpe/AndroidPdfViewer,8460,0,2016-06-02,1.0,4.8596,8.0403,1.0,1.2456,0.6006,0.0,76.7719,436.5925,10.0,58.3333,143.2102,57
roughike/BottomBar,8377,4,2016-03-16,2.0,4.9091,6.7817,1.0,1.2879,0.622,0.0,61.6667,329.5069,6.0,42.9394,110.9362,66
bytedeco/javacv,8305,14,2014-04-21,4.0,6.1256,6.7553,1.0,2.13,1.919,1.0,134.8475,707.94,48.0,120.9686,188.7961,223
LaurieWired/GhidraMCP,8302,5,2025-03-23,4.0,16.3333,20.3361,2.0,1.6667,0.4714,3.0,459.0,647.0039,14.0,406.3333,556.9658,3
alibaba/atlas,8158,7,2017-02-28,4.0,5.6386,6.7181,1.0,1.4357,0.9171,1.0,29.8842,157.4525,22.0,71.7931,305.6371,2194
aritraroy/UltimateAndroidReference,8146,0,2017-04-10,1.0,1.0,0.0,1.0,1.0,0.0,0.0,0.0,0.0,22.0,22.0,0.0,1
apache/tomcat,8137,0,2011-10-01,3.0,4.5444,5.8755,1.0,1.8198,1.6642,0.0,182.4296,4458.1453,22.0,75.9373,195.1302,4756
alibaba/otter,8131,10,2013-08-09,3.0,4.5949,5.3315,1.0,1.4537,0.9151,1.0,32.4545,252.446,21.0,52.5949,179.9845,1296
florent37/MaterialViewPager,8100,11,2015-04-24,3.0,4.5455,4.7885,1.0,1.2955,0.5469,0.0,9.3864,26.1796,16.0,36.7273,63.729,44
guolindev/LitePal,8079,0,2013-02-20,3.0,5.01,5.1495,1.0,1.6517,0.9558,0.0,49.4478,248.25,17.0,58.8557,105.5863,201
junixapp/XPopup,8023,221,2018-12-07,3.0,4.7049,6.3104,1.0,1.577,1.1256,0.0,22.9016,135.655,11.0,40.4852,88.8007,305
davemorrissey/subsampling-scale-image-view,8004,21,2013-08-26,3.5,5.625,6.5732,1.0,1.5833,0.878,0.0,79.7222,636.5521,14.5,59.1944,241.8193,72
gunnarmorling/1brc,7996,0,2023-12-28,3.0,3.1667,2.473,1.0,1.09,0.3811,1.0,7.58,23.5073,43.0,89.0517,106.2048,600
Netflix/SimianArmy,7980,4,2012-07-06,4.0,5.8459,7.3014,1.0,1.423,0.7734,3.0,25.1607,111.8217,26.0,52.6426,75.1285,305
JakeWharton/hugo,7909,0,2013-11-25,7.0,5.7143,3.9175,1.0,1.1429,0.3499,6.0,27.7143,40.2943,59.0,54.8571,46.5386,7
jeecgboot/jimureport,7905,33,2019-12-05,5.0,6.1667,3.8909,1.0,1.0,0.0,1.0,2.5,3.9051,20.5,29.1667,18.6317,12
exadel-inc/CompreFace,7875,11,2020-07-06,6.0,7.8529,7.314,1.0,1.6577,1.3277,0.0,3.8949,16.0256,8.0,23.3213,39.3369,333
dropwizard/metrics,7849,142,2010-02-26,4.0,5.526,4.6333,1.0,1.3675,0.8065,0.0,9.1407,38.1715,20.0,41.1038,60.6227,732
HannahMitt/HomeMirror,7826,0,2015-08-23,2.0,2.7273,4.9068,1.0,1.0758,0.2646,0.0,5.3485,35.1342,11.5,26.0455,43.7137,66
AntennaPod/AntennaPod,7793,65,2012-07-31,5.0,7.5513,9.0891,1.0,1.486,0.7936,1.0,20.8485,102.1466,28.0,64.2611,107.7314,858
MuntashirAkon/AppManager,7786,76,2020-05-30,5.0,7.9285,9.1493,1.0,1.4744,0.7495,1.0,73.871,1033.9873,31.0,81.3485,145.783,1581
ChrisRM/material-theme-jetbrains,7762,17,2015-09-23,3.0,4.3305,4.9363,2.0,2.2549,1.4473,1.0,84.423,633.5332,12.0,40.6639,84.9488,357
FongMi/TV,7725,0,2022-06-22,4.0,6.8694,8.8601,1.0,1.4209,0.6975,1.0,107.149,692.597,18.0,47.5975,101.1313,651
PowerJob/PowerJob,7722,51,2020-03-16,4.0,5.7457,6.2125,1.0,1.1841,0.5464,0.0,5.1377,27.9182,14.0,32.694,62.0231,755
goldze/MVVMHabit,7707,3,2017-07-21,2.0,3.5831,3.8202,1.0,1.2727,0.6512,0.0,15.7649,73.9389,8.0,28.558,55.7392,319
trello-archive/RxLifecycle,7668,22,2015-07-20,6.0,6.4321,6.1261,1.0,1.6543,1.1349,0.0,1.4074,4.0392,24.0,29.2346,25.8148,81
lecho/hellocharts-android,7668,14,2014-10-12,4.0,6.4248,6.5726,1.0,1.6667,0.9003,1.0,40.2941,149.5832,41.0,71.8627,93.0243,153
vipshop/vjtools,7649,9,2018-05-29,2.0,3.1346,3.4687,1.0,1.277,0.7617,1.0,26.3008,106.6654,26.0,48.5013,68.0024,379
gedoor/MyBookshelf,7625,165,2018-06-12,4.0,6.3363,7.7297,1.0,1.4694,0.8839,1.0,58.6622,338.3572,18.0,72.3094,198.0546,669
google/android-classyshark,7585,17,2015-10-12,2.0,3.1698,3.5581,1.0,1.2783,0.9229,1.0,10.25,27.5038,16.5,41.1038,60.3762,212
koush/AndroidAsync,7551,0,2012-08-24,2.0,3.6133,5.018,1.0,1.5322,1.7449,0.0,19.4401,84.0328,8.0,33.3076,74.4131,543
Genymobile/gnirehtet,7537,12,2017-02-09,2.0,3.7654,3.5738,1.0,1.1852,0.5238,1.0,14.2963,35.0331,40.0,53.4568,63.7017,81
kevin-wayne/algs4,7525,0,2015-08-31,4.0,4.0036,2.5023,1.0,1.0215,0.168,0.0,47.4695,263.0454,57.0,80.724,96.276,279
kaushikgopal/RxJava-Android-Samples,7520,0,2014-07-23,3.0,6.6279,7.1105,1.0,1.8256,0.9547,3.0,9.1977,25.201,13.5,30.6163,34.0472,86
yuanguangxin/LeetCode,7487,0,2020-01-11,1.0,1.2414,0.6672,1.0,1.0,0.0,0.0,0.8414,2.3184,20.0,23.731,16.9967,145
lenve/VBlog,7432,0,2017-12-26,4.0,4.5517,3.5582,1.0,1.0345,0.1825,1.0,29.069,91.2265,16.0,26.931,27.3117,29
abel533/Mapper,7389,11,2014-11-21,4.0,5.0862,4.6318,1.0,1.2435,0.5283,0.0,36.2371,176.3717,16.0,41.9289,74.969,464
Qihoo360/RePlugin,7348,19,2017-06-08,3.0,5.1886,6.2534,1.0,1.4167,0.6767,0.0,32.0197,182.6236,22.5,66.3925,114.0591,456
leolin310148/ShortcutBadger,7338,0,2013-11-15,5.0,5.2903,4.5166,1.0,1.1613,0.447,1.0,3.4839,7.4091,16.0,28.5484,31.9484,31
square/dagger,7298,0,2012-08-02,3.0,3.1749,2.943,1.0,1.2291,0.7152,0.0,5.9877,45.3069,5.0,19.8103,53.8118,406
Bearded-Hen/Android-Bootstrap,7248,5,2013-11-01,3.0,6.962,8.2684,1.0,1.6709,0.8527,2.0,31.3924,77.3965,23.0,131.5063,418.6818,79
zhongyi-tong/WeChatLuckyMoney,7241,20,2015-09-30,3.0,5.381,4.9998,1.0,1.381,0.4856,1.0,8.8095,17.9805,21.0,44.3333,58.577,21
Exrick/xmall,7237,0,2017-07-28,3.0,4.3101,5.4056,1.0,1.1614,0.4163,13.0,632.8291,2866.385,42.5,143.3323,233.4171,316
crazycodeboy/TakePhoto,7236,15,2015-08-04,2.0,5.0545,5.757,1.0,1.2545,0.5467,1.0,10.8909,22.3742,28.0,43.6909,60.8156,55
pedant/sweet-alert-dialog,7227,2,2014-10-19,1.5,4.375,5.3604,1.0,1.25,0.433,0.0,31.0625,86.1252,23.0,58.9375,78.2747,16
NanoHttpd/nanohttpd,7213,3,2012-08-10,3.0,4.3403,4.3464,1.0,1.7917,1.5585,1.0,22.1597,87.9622,21.0,49.3472,83.4434,144
wiremock/wiremock,7197,52,2011-10-09,4.0,5.9919,7.0025,1.0,1.4171,1.1135,1.0,69.9231,797.963,19.0,42.2817,71.8576,1846
Alluxio/alluxio,7182,61,2012-12-21,5.0,6.9066,8.3664,1.0,1.4835,1.4851,1.0,30.6588,238.1432,30.0,62.6891,120.2985,4027
didi/KnowStreaming,7176,23,2020-03-19,4.0,7.1959,8.048,1.0,1.8191,1.0933,0.0,10.3223,44.5877,12.0,33.7441,64.6987,934
traccar/traccar,7157,69,2012-04-16,4.0,5.615,4.5758,2.0,1.9242,0.8244,0.0,6.0038,48.2568,13.0,37.8882,79.7787,1834
google/error-prone,7154,65,2014-08-21,5.0,7.9702,14.1252,1.0,1.5532,1.1069,0.0,27.2254,344.651,17.0,35.132,62.3291,3053
google/agera,7135,16,2015-12-17,4.0,6.3276,6.6742,1.0,1.2414,0.5353,0.0,14.8448,106.311,13.0,37.5759,69.0274,290
h2pl/JavaTutorial,7125,1,2018-05-01,0.0,0.3333,0.4714,1.0,1.0,0.0,0.0,0.3333,0.4714,6.0,4.6667,1.8856,3
Col-E/Recaf,7100,170,2017-07-27,6.0,8.4382,8.9292,1.0,1.5822,0.9791,1.0,27.2953,171.3001,19.0,47.6627,82.6866,1666
CoderLeixiaoshuai/java-eight-part,7086,0,2020-10-16,0.0,0.0,0.0,0.0,0.0,0.0,0.0,0.0,0.0,0.0,0.0,0.0,0
ogaclejapan/SmartTabLayout,7083,0,2015-02-14,4.0,6.3556,5.7122,1.0,1.6444,0.9697,1.0,9.7111,27.5799,27.0,42.4889,68.4432,45
JakeWharton/ActionBarSherlock,7069,32,2011-03-07,4.0,6.1265,7.0537,1.0,1.9719,1.5038,0.0,63.3981,263.9693,18.0,61.9742,129.5583,427
naman14/Timber,7051,5,2015-06-12,3.0,5.3996,6.6725,1.0,1.4614,0.8146,0.0,19.7483,171.665,14.0,48.2539,134.0572,453
mrniko/netty-socketio,7025,19,2012-01-12,3.0,4.8239,6.5129,1.0,1.2557,0.5513,0.0,32.1023,249.3608,15.0,38.3977,60.8468,176
NLPchina/elasticsearch-sql,7020,302,2014-08-24,6.0,9.5812,19.6859,1.0,2.0794,1.4964,1.0,189.5235,1267.8889,39.0,119.1661,473.6045,277
DroidPluginTeam/DroidPlugin,6974,2,2015-08-27,2.0,3.3028,5.1829,3.0,4.388,8.0335,0.0,3.6997,23.3136,5.0,28.3728,96.8482,786
logisim-evolution/logisim-evolution,6973,32,2014-09-19,4.0,6.0491,6.4305,2.0,2.4231,2.5325,1.0,29.1237,126.5886,37.0,86.2064,134.178,1957
alibaba/jvm-sandbox,6955,13,2017-08-03,2.0,3.4828,4.3982,1.0,1.3264,0.8272,0.0,12.3609,57.5292,12.0,33.1195,58.2857,435
macrozheng/springcloud-learning,6922,0,2019-09-07,3.0,4.8844,4.9991,1.0,1.0222,0.1474,0.0,85.8756,844.7643,6.0,25.0267,80.3533,225
CeuiLiSA/Pixiv-Shaft,6893,128,2019-04-01,3.0,4.8788,6.0416,1.0,1.4436,1.109,0.0,25.516,272.367,12.0,35.7528,71.1889,1064
smuyyh/BookReader,6886,0,2016-08-03,2.0,4.7825,6.5253,1.0,1.4378,0.813,0.0,25.3233,161.7424,13.0,44.226,138.6489,699
rabbitmq/rabbitmq-tutorials,6882,0,2010-09-21,4.0,4.5882,2.6359,1.0,1.0,0.0,1.0,2.1961,3.9854,21.0,31.098,51.3062,51
getActivity/AndroidProject,6865,18,2018-10-23,5.0,7.9155,8.5608,1.0,2.2534,1.7449,1.0,19.8529,57.7782,21.0,59.0572,95.4565,367
Meituan-Dianping/walle,6863,1,2017-01-10,2.0,3.1489,4.058,1.0,1.1915,0.7187,0.5,8.6915,23.3598,21.0,49.2872,90.963,94
hongyangAndroid/okhttputils,6855,0,2015-08-17,2.5,3.7286,4.0211,1.0,1.4571,0.6478,0.0,6.2,16.6601,12.0,28.0143,36.8024,70
648540858/wvp-GB28181-pro,6793,2,2020-11-14,5.0,8.2715,10.1898,1.0,1.2891,0.528,0.0,34.1023,175.1728,23.0,62.9722,125.147,792
zo0r/react-native-push-notification,6789,35,2015-12-14,4.0,6.3103,6.7574,1.0,1.2414,0.4279,0.0,15.4828,49.3765,21.0,64.9655,127.1875,29
Angel-ML/angel,6787,20,2017-04-25,5.0,7.4278,9.9766,2.0,1.7466,0.8758,0.0,63.4309,598.8144,34.0,106.8844,499.9556,1938
guardianproject/haven,6787,37,2017-03-01,4.0,6.8228,7.2823,1.0,1.3924,0.5828,1.0,11.7722,39.5122,24.0,57.7342,90.1931,79
527515025/springBoot,6775,0,2016-11-07,4.0,5.0871,4.4206,1.0,1.1477,0.414,0.0,15.4962,70.5957,14.5,23.6742,39.0162,264
fuzhengwei/itstack-demo-design,6774,0,2020-05-20,2.0,2.1674,2.2762,1.0,1.107,0.3238,0.0,5.3256,12.4469,14.0,18.5674,18.6984,215
gzu-liyujiang/AndroidPicker,6772,58,2015-10-21,3.0,5.4351,6.8525,1.0,1.6444,1.2622,0.0,51.7155,331.2698,12.0,56.6569,113.9149,239
Suwayomi/Suwayomi-Server,6755,58,2020-12-23,2.0,5.5485,10.4014,1.0,1.6189,1.4674,1.0,1495.5218,21572.1883,18.0,100.682,258.69,412
Meituan-Dianping/Leaf,6738,0,2018-12-11,1.5,3.475,4.1952,1.0,1.425,1.0219,0.0,11.25,34.6177,9.5,32.625,51.374,40
markzhai/AndroidPerformanceMonitor,6732,0,2016-01-17,3.0,4.0741,3.9056,1.0,1.2778,0.5241,0.0,14.0741,36.9027,19.5,41.3704,53.8253,54
getActivity/XXPermissions,6717,75,2018-06-15,5.0,7.4224,7.1468,1.0,1.6708,0.9443,1.0,105.3043,970.1906,16.0,53.5714,115.2228,161
quartz-scheduler/quartz,6712,8,2016-03-07,3.0,5.5791,6.3959,1.0,1.4545,0.8475,1.0,124.5791,819.3802,24.5,69.9486,178.5837,506
zouzg/mybatis-generator-gui,6704,16,2016-05-08,5.0,7.1795,7.7124,1.0,1.4872,0.6745,3.0,69.9487,251.8226,40.0,78.1282,91.9451,39
jOOQ/jOOQ,6694,122,2011-04-17,7.0,9.8063,18.0257,1.0,1.8218,3.078,3.0,1679.7284,43341.096,15.0,67.6409,299.0014,3372
apache/storm,6680,9,2013-11-05,3.0,5.3625,6.7857,1.0,1.222,0.752,1.0,49.1009,430.7243,27.0,82.1914,713.3731,4419
hongyangAndroid/AndroidAutoLayout,6672,0,2015-11-19,5.0,5.8333,4.6227,2.0,2.0,0.698,8.0,8.8077,16.2655,27.0,30.3846,25.1835,78
yanzhenjie/AndPermission,6642,0,2016-09-11,3.0,3.994,3.6556,1.0,1.1667,0.3727,0.0,7.4881,35.1566,13.0,26.7024,50.7452,168
JesusFreke/smali,6624,0,2012-09-23,4.0,6.0182,8.3401,1.0,1.6667,1.2486,1.0,15.0165,85.6621,17.0,40.592,89.1714,1152
apache/zeppelin,6612,0,2015-03-25,3.0,5.5888,7.104,1.0,1.2569,0.6602,1.0,43.3989,343.9268,30.0,90.472,584.8787,2106
pig-mesh/pig,6607,20,2019-08-26,5.0,6.9556,6.4513,1.0,1.3081,0.5818,0.0,5.3003,53.3386,12.0,20.0183,27.9195,383
GrenderG/Toasty,6594,19,2017-01-18,3.0,4.0625,4.0538,1.0,1.0625,0.2421,0.0,56.625,207.0797,5.5,30.4375,63.3453,16
NLPchina/ansj_seg,6536,3,2012-09-05,4.0,6.3165,5.8503,1.0,1.1881,0.4352,0.0,9.578,42.5702,28.0,55.6422,69.5499,218
ximsfei/Android-skin-support,6521,0,2017-01-12,5.0,6.079,5.0306,1.0,1.3926,0.7313,1.0,17.6716,68.3384,23.0,47.8444,74.9329,405
freeok/so-novel,6520,54,2022-05-23,4.5,5.8571,5.2466,1.0,1.1786,0.467,0.0,3.1071,6.4826,28.5,38.0714,34.7466,84
nayuki/QR-Code-generator,6511,5,2016-04-15,3.0,3.9474,3.5611,1.0,1.4211,1.2276,1.0,19.5789,25.5885,60.0,95.9474,100.4822,19
processing/processing,6491,48,2013-01-24,2.0,3.6757,5.8741,1.0,1.6247,1.965,0.0,507.7614,7171.2205,14.0,119.3145,455.1472,922
Javen205/IJPay,6446,24,2017-05-02,5.0,5.5897,10.4745,1.0,1.37,0.5794,0.0,139.4029,1330.1711,20.0,51.7802,112.2158,273
gephi/gephi,6437,19,2011-10-22,3.0,4.6179,5.1114,1.0,1.6689,1.6591,1.0,29.4552,173.9216,19.0,54.4652,103.9552,2489
ArthurHub/Android-Image-Cropper,6428,32,2015-01-15,4.0,7.725,9.3005,1.0,1.375,0.5333,0.0,70.375,233.7559,21.0,116.375,197.8891,40
wxiaoqi/Spring-Cloud-Platform,6426,3,2017-05-25,3.0,4.791,5.0103,1.0,1.4068,0.8258,0.0,57.6497,210.6429,17.0,33.9774,44.9993,177
vinc3m1/RoundedImageView,6417,19,2013-02-22,9.0,8.4,6.2161,2.0,1.8,0.7483,0.0,107.4667,264.5403,35.0,84.3333,134.8899,15
AsyncHttpClient/async-http-client,6407,12,2011-03-07,4.0,6.0741,6.9373,1.0,1.4933,0.8272,1.0,49.4158,294.3043,21.5,56.4007,100.1585,594
graphhopper/graphhopper,6400,46,2012-02-18,4.0,6.7677,8.6686,1.0,1.2616,0.6855,0.0,31.7369,162.9804,27.0,74.2581,169.3223,1395
aa112901/remusic,6382,0,2016-03-24,3.0,5.1905,6.4272,1.0,1.4533,0.8078,0.0,41.6462,345.4678,17.0,56.5515,146.1948,845
DerekYRC/mini-spring,6356,1,2020-11-17,2.0,3.4238,3.5518,1.0,1.2185,0.6601,0.0,5.0861,20.3561,8.0,16.6159,23.1779,151
wasabeef/richeditor-android,6349,0,2015-03-30,2.0,2.4186,2.5721,1.0,1.1395,0.4081,0.0,46.9535,302.2915,5.0,18.6977,58.6041,43
sshahine/JFoenix,6340,0,2015-09-08,4.0,6.92,6.9308,1.0,1.6235,0.9601,1.0,22.0847,88.4276,21.0,57.7553,99.1875,425
amitshekhariitbhu/from-java-to-kotlin,6335,0,2017-05-21,0.5,0.5,0.5,1.0,1.0,0.0,0.0,0.0,0.0,18.5,18.5,16.5,2
lightbend/config,6297,4,2011-12-06,3.0,5.485,7.1393,1.0,2.055,4.3626,0.0,76.245,398.3433,17.0,66.185,125.3568,200
loks666/get_jobs,6260,3,2024-03-07,2.0,5.225,6.6926,1.0,1.0,0.0,0.0,33.3167,145.4703,9.5,81.5833,195.425,120
koush/ion,6257,0,2013-05-22,3.0,4.5363,6.0995,1.0,1.4602,1.4621,0.0,23.5986,205.4736,11.0,32.6747,72.0788,289
graphql-java/graphql-java,6234,101,2015-07-06,5.0,8.3439,10.7809,1.0,1.3666,0.9374,1.0,36.3733,206.0287,21.0,53.734,114.3139,1361
auth0/java-jwt,6215,46,2014-03-07,3.5,5.6628,5.4509,1.0,1.6279,1.3123,1.0,142.7442,528.3471,32.5,103.7674,174.4898,86
ityouknow/spring-cloud-examples,6212,0,2017-04-28,4.0,3.8333,1.0672,1.0,1.0167,0.128,0.0,0.4667,2.0854,5.0,6.5,5.8009,60
iflytek/astron-rpa,6184,5,2025-09-20,3.0,5.5615,8.5745,1.0,1.1383,0.425,0.0,38.1957,231.7949,11.0,40.8299,117.705,976
google/grafika,6157,1,2013-12-19,5.0,6.4078,6.2496,2.0,1.7476,0.8558,0.0,6.8932,16.8049,60.0,97.4272,113.8493,103
Vedenin/useful-java-links,6158,0,2016-02-13,2.0,2.3042,2.4847,1.0,1.0228,0.1493,0.0,1.8327,6.8439,15.0,22.6882,24.923,263
alipay/SoloPi,6154,8,2019-03-14,2.0,4.6231,6.672,1.0,1.206,0.6494,0.0,13.1359,70.3119,13.0,48.1427,113.1197,1170
LandGrey/SpringBootVulExploit,6128,0,2020-05-20,3.0,3.4286,2.8464,1.0,1.0,0.0,0.0,3.5714,7.1785,8.5,18.4286,18.6345,14
vavr-io/vavr,6127,22,2014-01-30,6.0,8.6901,11.3637,1.0,1.2344,0.8422,1.0,1009.1854,8806.0313,20.0,94.3762,251.3379,755
obsidiandynamics/kafdrop,6125,50,2019-05-27,3.0,5.54,7.5199,1.0,1.32,0.8471,0.0,28.19,129.6402,17.0,42.0,89.557,100
google/google-java-format,6107,43,2015-05-11,4.0,6.2987,10.9995,1.0,1.461,0.8763,1.0,91.2468,495.7873,28.0,79.0519,253.6698,154
ikew0ng/SwipeBackLayout,6103,0,2013-08-25,3.0,5.0,5.4975,1.0,1.3889,0.6781,3.0,61.3333,159.3218,25.0,90.8333,178.3867,18
daimajia/NumberProgressBar,6092,3,2014-05-01,0.5,3.1667,4.4876,1.0,1.3333,0.4714,0.0,91.8333,202.6741,7.5,63.3333,114.7761,6
rengwuxian/MaterialEditText,6091,19,2014-10-30,2.0,5.6538,10.381,1.0,1.3077,0.4615,0.0,742.8462,2052.1568,16.0,130.1923,320.9064,26
ZhongFuCheng3y/austin,6050,0,2021-11-06,5.0,6.2672,5.0697,1.0,1.1236,0.3779,0.0,1.4511,5.1098,10.0,18.7874,25.2138,348
singwhatiwanna/dynamic-load-apk,6020,0,2014-03-30,3.0,5.8226,6.2205,1.0,1.4355,0.7322,0.0,9.4194,29.7655,13.0,42.2581,64.8482,62
00-Evan/shattered-pixel-dungeon,6014,52,2014-07-31,4.0,6.3409,9.2389,2.0,2.8451,2.9085,1.0,13.8335,99.193,26.0,59.5266,109.8655,2763
pedrovgs/EffectiveAndroidUI,6001,0,2014-07-04,3.0,4.4384,4.6168,1.0,1.3425,0.6242,1.0,11.6164,27.5371,11.0,26.3425,42.4191,73
WeiYe-Jing/datax-web,5992,5,2019-11-19,3.0,5.041,5.4113,1.0,1.388,0.6816,0.0,13.2397,63.9576,21.0,43.5363,87.4051,317
btraceio/btrace,5988,33,2014-08-28,4.0,4.7352,5.3665,1.0,1.3286,0.8725,0.0,79.9505,1314.8885,13.0,58.544,161.974,910
apache/hive,5984,0,2009-05-21,4.0,6.905,12.5262,1.0,1.4061,1.16,1.0,91.0389,2821.4779,31.0,98.2459,1809.1397,20617
google/physical-web,5974,17,2014-09-30,3.0,4.7885,5.5505,1.0,1.2885,0.5548,0.0,26.7115,208.5035,14.5,47.9551,78.0676,156
youtube/api-samples,5964,0,2013-12-09,7.0,6.4048,4.3592,1.0,1.0,0.0,0.0,4.381,9.7296,51.0,60.5,53.1195,42
rey5137/material,5964,10,2014-12-09,3.0,6.5115,7.9692,1.0,1.6459,1.1925,1.0,54.4951,190.5109,15.0,89.659,182.0812,305
wyouflf/xUtils3,5960,9,2015-10-28,3.0,5.2248,5.3441,1.0,1.4083,0.8796,2.0,27.4495,102.518,23.0,57.6193,87.9355,218
JSQLParser/JSqlParser,5944,37,2011-06-23,4.0,6.2016,13.4569,1.0,1.5604,1.0425,1.0,507.6276,8150.204,24.0,58.3975,167.4766,878
Archmage83/tvapk,5940,0,2020-07-29,0.0,0.0,0.0,0.0,0.0,0.0,0.0,0.0,0.0,0.0,0.0,0.0,0
journeyapps/zxing-android-embedded,5935,9,2012-11-28,4.0,5.4375,5.6602,1.0,1.3646,0.6788,1.0,21.9167,87.8582,27.0,53.8438,76.4047,96
liyifeng1994/ssm,5934,0,2016-06-18,2.0,3.4737,3.7468,1.0,1.6842,1.0786,1.0,2.0526,3.1702,16.0,19.4211,15.1946,19
apache/fesod,5932,7,2024-10-05,5.0,6.086,5.7846,1.0,1.3685,0.7991,1.0,30.2744,339.7029,15.0,36.2305,59.1885,616
prolificinteractive/material-calendarview,5923,22,2015-02-09,4.0,6.4545,7.518,1.0,1.5341,0.7222,0.0,69.0114,528.2896,15.0,41.5682,111.1112,88
antoniolg/androidmvp,5909,0,2014-04-02,2.0,3.2857,3.6337,1.0,1.2857,0.4518,0.0,3.0,4.4721,16.0,19.5714,14.5833,14
PBH-BTN/PeerBanHelper,5908,191,2024-02-07,4.0,6.4404,7.8947,1.0,1.313,0.6753,0.0,16.0014,61.0115,15.0,42.3421,70.6264,722
ikarus23/MifareClassicTool,5896,10,2013-02-12,9.0,11.1212,10.23,3.0,2.2727,0.8969,3.0,110.0,394.4122,68.0,210.1212,285.6077,33
amitshekhariitbhu/Fast-Android-Networking,5892,10,2016-03-21,2.0,3.2191,4.5923,1.0,1.2504,1.1252,1.0,13.7687,100.3942,11.0,34.08,95.9124,575
lets-blade/blade,5883,9,2015-06-10,3.0,4.6221,5.9439,1.0,1.2345,0.7723,0.0,42.1564,185.1643,18.0,49.899,92.5889,307
ffay/lanproxy,5854,1,2016-11-20,3.0,4.2381,3.8574,1.0,1.1905,0.4994,0.0,8.2063,26.9533,23.0,42.3492,49.4507,63
JakeWharton/DiskLruCache,5821,0,2012-01-05,2.5,3.25,2.8614,1.0,1.3333,0.7454,3.0,11.0,24.5017,43.0,161.4167,266.1198,12
meefik/linuxdeploy,5800,37,2012-08-21,5.0,7.1622,7.3504,2.0,1.6486,0.4774,3.0,35.8919,117.7023,29.0,72.7838,89.6079,37
Nightonke/BoomMenu,5790,0,2016-03-19,4.0,5.6348,6.7196,1.0,1.5739,0.845,0.0,227.6696,2069.2318,17.0,67.0435,168.7203,115
yarolegovich/DiscreteScrollView,5782,2,2017-03-03,2.0,4.2286,4.7953,1.0,1.2476,0.4532,0.0,19.1143,101.0322,11.0,35.219,72.2198,105
houbb/sensitive-word,5776,2,2020-01-07,2.0,3.0526,3.5869,1.0,1.1711,0.4791,0.0,20.8684,152.5378,9.0,18.9518,31.8463,228
JanusGraph/janusgraph,5763,28,2016-12-26,4.0,7.0179,10.0441,1.0,1.4425,0.8425,1.0,43.9536,663.3069,21.0,55.1614,191.5463,1896
dmytrodanylyk/circular-progress-button,5753,3,2014-06-07,2.0,3.9744,4.3174,1.0,1.2821,0.5038,0.0,25.3333,130.2105,13.0,36.641,84.1663,39
k0shk0sh/FastHub,5734,63,2017-02-18,5.0,8.0739,7.8545,1.0,1.4379,0.6832,1.0,34.757,131.533,14.0,43.1702,65.5606,934
jagrosh/MusicBot,5735,38,2016-08-14,5.0,6.7419,6.8704,3.0,2.5054,1.8353,1.0,10.5914,62.7242,32.0,44.0538,38.9406,93
redis/lettuce,5732,152,2014-05-10,4.0,6.5039,8.5279,1.0,1.3725,0.9344,0.0,146.6023,3206.038,23.0,56.3863,130.1517,2459
ddd-by-examples/library,5727,0,2019-01-11,5.0,6.7886,5.5878,1.0,1.0407,0.2963,0.0,5.4309,23.3144,9.0,14.3902,17.7803,123
yanzhenjie/SwipeRecyclerView,5720,0,2016-08-03,3.0,4.8473,5.2368,1.0,1.3891,0.8342,0.0,26.9418,115.2287,18.0,40.3273,71.5054,275
jpush/aurora-imui,5708,42,2016-12-13,2.5,4.807,7.0319,1.0,1.5292,1.4339,0.0,50.269,406.9053,13.0,52.0146,118.0196,342
Devlight/InfiniteCycleViewPager,5703,2,2016-08-22,3.0,5.0488,6.4048,2.0,1.6341,0.8767,0.0,102.5366,507.2119,12.0,86.9268,318.149,41
201206030/novel,5694,12,2019-11-11,2.0,4.4158,5.5057,1.0,1.0693,0.3377,0.0,20.4257,66.9391,10.0,22.5743,31.8223,202
springside/springside4,5666,3,2012-02-23,2.0,3.1651,3.3747,1.0,1.2762,0.8027,1.0,24.7841,108.8383,23.0,40.7683,52.8858,315
ElderDrivers/EdXposed,5659,27,2019-01-18,4.0,6.0652,6.9515,1.0,1.6033,1.0489,1.0,191.0783,2192.5792,26.0,78.037,163.8633,920
crazycodeboy/react-native-splash-screen,5658,12,2016-09-14,2.5,3.4167,2.8419,1.0,1.25,0.433,0.5,2.0,2.582,13.5,20.5,17.9467,12
wasabeef/Blurry,5658,0,2015-07-23,3.5,5.1429,4.3729,1.0,1.0,0.0,0.0,0.6429,1.5403,14.0,45.4286,65.9759,14
hanks-zyh/HTextView,5651,0,2015-12-19,2.0,4.1978,4.0579,1.0,1.5604,0.759,0.0,3.4835,8.5155,12.0,33.8022,43.3595,91
JakeWharton/u2020,5650,0,2013-11-14,4.0,6.2164,8.058,1.0,1.4254,0.8138,0.5,23.6194,183.8984,13.0,35.8657,107.5474,134
SuperMonster003/AutoJs6,5646,21,2021-12-01,3.0,5.1511,6.7143,1.0,1.4588,0.8764,1.0,42.4038,268.8258,21.0,65.1714,147.355,1820
osmandapp/OsmAnd,5639,1,2011-01-15,5.0,8.9894,11.2207,1.0,1.7329,2.2631,1.0,109.0993,623.554,27.0,114.0077,690.4486,6132
daimajia/AndroidImageSlider,5612,5,2014-06-02,2.0,4.0635,7.0235,1.0,1.5714,0.7708,1.0,59.0952,358.332,11.0,60.5238,255.7363,63
TommyLemon/Android-ZBLibrary,5606,25,2015-08-20,3.0,5.3774,6.4008,1.0,1.5597,1.0315,0.0,26.6667,131.4035,15.0,46.3113,66.4655,318
hneemann/Digital,5597,35,2016-06-28,4.0,5.0479,5.7625,1.0,1.6835,1.7286,0.0,13.246,95.5689,20.0,41.8712,88.2811,1817
hongyangAndroid/FlowLayout,5586,0,2015-08-28,3.0,4.3235,3.7552,1.0,1.4118,0.5487,0.0,5.0,15.7704,7.0,23.8235,38.1248,34
baidu/uid-generator,5578,0,2017-03-27,1.0,2.88,3.3145,1.0,1.28,0.7222,1.0,11.72,20.7702,24.0,34.92,31.9536,25
alibaba/jetcache,5574,67,2017-04-12,4.0,6.0336,6.4971,1.0,1.6368,1.0995,0.0,15.9081,111.324,17.0,40.4058,66.3501,446
mik3y/usb-serial-for-android,5573,34,2013-06-30,4.0,6.0,7.1686,1.0,1.375,0.6548,1.0,39.5417,117.6113,24.0,117.3611,272.7973,72
alibaba/QLExpress,5563,25,2017-03-15,3.0,5.7831,11.1543,1.0,1.4,0.6395,2.0,44.0028,330.1538,19.0,38.893,103.0695,355
amlcurran/ShowcaseView,5561,13,2012-08-14,5.0,5.3846,5.5489,1.0,1.4,0.6748,0.0,17.8154,117.957,17.0,32.0923,66.9527,65
apache/hbase,5552,50,2014-05-23,5.0,7.8082,10.672,1.0,1.494,1.5899,1.0,70.1673,891.2728,25.0,81.7427,625.1332,11644
CaffeineMC/sodium,5539,40,2020-02-01,4.0,6.2876,6.8757,1.0,1.514,2.3872,1.0,17.2916,71.2101,18.0,41.0107,64.691,751
nhaarman/ListViewAnimations,5535,14,2013-03-19,5.0,6.4745,5.4813,2.0,2.0584,1.2308,0.0,10.4599,44.8937,17.0,41.5839,61.7466,137
knightliao/disconf,5529,12,2014-05-30,3.0,4.4376,5.1236,1.0,1.3576,0.8284,0.0,12.6165,68.1351,18.0,32.9624,49.8588,425
cinit/QAuxiliary,5526,49,2022-01-29,5.0,7.4723,7.7805,1.0,1.322,0.5861,1.0,40.5098,246.0457,36.0,76.7996,122.8146,559
GeyserMC/Geyser,5515,0,2019-07-08,6.0,7.9978,10.6801,1.0,1.7392,1.187,1.0,34.0381,447.5655,19.0,47.7011,96.8484,1365
wuhaoyu1990/MagicCamera,5513,0,2016-01-08,3.0,3.5455,4.9878,1.0,1.4688,0.6819,0.0,7.6307,33.1724,25.0,41.3153,52.3134,352
danikula/AndroidVideoCache,5508,20,2015-04-01,3.0,4.8312,4.8601,1.0,1.4935,0.6571,1.0,14.3247,34.0216,18.0,41.7792,53.8134,77
